[null,{"name":"weather","permissions":"NONE","restriction":"1","_id":"xqmAn","actions":[{"server":"0","varName":"","dataName":"lune","defaultVal":"1","storage":"1","varName2":"lune","name":"Store Server Data"},{"info":"0","find":"511184617651437578","storage":"2","varName":"message","name":"Find Channel"},{"storage":"1","varName":"choixdecycle","min":"1","max":"9","name":"Generate Random Number"},{"storage":"1","varName":"heuresoir","min":"19","max":"23","name":"Generate Random Number"},{"storage":"1","varName":"minsoir","min":"27","max":"50","name":"Generate Random Number"},{"storage":"1","varName":"heuremat","min":"6","max":"7","name":"Generate Random Number"},{"storage":"1","varName":"minmat","min":"30","max":"45","name":"Generate Random Number"},{"storage":"1","varName":"humiditernua","min":"36","max":"64","name":"Generate Random Number"},{"storage":"1","varName":"humiditerenso","min":"20","max":"42","name":"Generate Random Number"},{"storage":"1","varName":"humiditerpluiora","min":"87","max":"94","name":"Generate Random Number"},{"storage":"1","varName":"humiditerfroidint","min":"82","max":"94","name":"Generate Random Number"},{"storage":"1","varName":"humiditerdégaplui","min":"88","max":"94","name":"Generate Random Number"},{"storage":"1","varName":"humiditerneige","min":"80","max":"92","name":"Generate Random Number"},{"storage":"1","varName":"humiditerdégapenso","min":"30","max":"41","name":"Generate Random Number"},{"storage":"1","varName":"humiditerglobalnua","min":"35","max":"51","name":"Generate Random Number"},{"storage":"1","varName":"tempsolar","min":"19","max":"24","name":"Generate Random Number"},{"storage":"1","varName":"tempsolardega","min":"19","max":"25","name":"Generate Random Number"},{"storage":"1","varName":"froidint","min":"-5","max":"1","name":"Generate Random Number"},{"storage":"1","varName":"tempolui","min":"2","max":"14","name":"Generate Random Number"},{"storage":"1","varName":"tempoluinua","min":"7","max":"16","name":"Generate Random Number"},{"storage":"1","varName":"tempneige","min":"-8","max":"0","name":"Generate Random Number"},{"storage":"1","varName":"tempoluinuadéga","min":"18","max":"25","name":"Generate Random Number"},{"storage":"1","varName":"tempoluipluietorage","min":"6","max":"13","name":"Generate Random Number"},{"storage":"1","varName":"vitventsoleil","min":"5","max":"10","name":"Generate Random Number"},{"storage":"1","varName":"vitventsoleiletdegager","min":"6","max":"11","name":"Generate Random Number"},{"storage":"1","varName":"vitventfroidint","min":"15","max":"18","name":"Generate Random Number"},{"storage":"1","varName":"vitventneige","min":"15","max":"20","name":"Generate Random Number"},{"storage":"1","varName":"vitventpluie","min":"75","max":"81","name":"Generate Random Number"},{"storage":"1","varName":"vitventpluieetorage","min":"85","max":"93","name":"Generate Random Number"},{"storage":"1","varName":"vitventnuageux","min":"6","max":"23","name":"Generate Random Number"},{"storage":"1","varName":"vitventnuageuxglobal","min":"28","max":"36","name":"Generate Random Number"},{"server":"0","varName":"","dataName":"lune","changeType":"1","value":"+1","name":"Control Server Data"},{"storage":"1","varName":"lune","comparison":"1","value":"1","iftrue":"2","iftrueVal":"43","iffalse":"0","iffalseVal":"","name":"Check Variable"},{"storage":"1","varName":"lune","comparison":"1","value":"2","iftrue":"2","iftrueVal":"89","iffalse":"0","iffalseVal":"","name":"Check Variable"},{"storage":"1","varName":"lune","comparison":"1","value":"3","iftrue":"2","iftrueVal":"135","iffalse":"0","iffalseVal":"","name":"Check Variable"},{"storage":"1","varName":"lune","comparison":"1","value":"4","iftrue":"2","iftrueVal":"182","iffalse":"0","iffalseVal":"","name":"Check Variable"},{"storage":"1","varName":"lune","comparison":"1","value":"5","iftrue":"2","iftrueVal":"230","iffalse":"0","iffalseVal":"","name":"Check Variable"},{"server":"0","varName":"lune","dataName":"lune","changeType":"0","value":"1","name":"Control Server Data"},{"call":"1","name":"Jump to Action"},{"name":"End Action Sequence"},{"name":"End Action Sequence"},{"name":"End Action Sequence"},{"storage":"1","varName":"choixdecycle","comparison":"1","value":"1","iftrue":"2","iftrueVal":"52","iffalse":"0","iffalseVal":"","name":"Check Variable"},{"storage":"1","varName":"choixdecycle","comparison":"1","value":"2","iftrue":"2","iftrueVal":"56","iffalse":"0","iffalseVal":"","name":"Check Variable"},{"storage":"1","varName":"choixdecycle","comparison":"1","value":"3","iftrue":"2","iftrueVal":"60","iffalse":"0","iffalseVal":"","name":"Check Variable"},{"storage":"1","varName":"choixdecycle","comparison":"1","value":"4","iftrue":"2","iftrueVal":"64","iffalse":"0","iffalseVal":"","name":"Check Variable"},{"storage":"1","varName":"choixdecycle","comparison":"1","value":"5","iftrue":"2","iftrueVal":"68","iffalse":"0","iffalseVal":"","name":"Check Variable"},{"storage":"1","varName":"choixdecycle","comparison":"1","value":"6","iftrue":"2","iftrueVal":"72","iffalse":"0","iffalseVal":"","name":"Check Variable"},{"storage":"1","varName":"choixdecycle","comparison":"1","value":"7","iftrue":"2","iftrueVal":"76","iffalse":"0","iffalseVal":"","name":"Check Variable"},{"storage":"1","varName":"choixdecycle","comparison":"1","value":"8","iftrue":"2","iftrueVal":"80","iffalse":"0","iffalseVal":"","name":"Check Variable"},{"storage":"1","varName":"choixdecycle","comparison":"1","value":"9","iftrue":"2","iftrueVal":"84","iffalse":"1","iffalseVal":"","name":"Check Variable"},{"title":"","author":"","color":"BLUE","timestamp":"false","url":"","authorIcon":"","imageUrl":"","thumbUrl":"","storage":"1","varName":"embed","name":"Create Embed Message"},{"storage":"1","varName":"embed","message":"**__INFO MÉTÉO__** :trident:**__LE ROYAUME DU TEMPS__**:trident:\n--------------\n\n:cloud:**__Temps actuel__**: nuageux\n\n:thermometer:**__Température__**: ${tempVars(\"tempoluinua\")}°C\n\n:sunrise:**__Lever du soleil__**:${tempVars(\"heuremat\")}h ${tempVars(\"minmat\")}\n\n:city_sunset:**__Coucher du soleil__**:${tempVars(\"heuresoir\")}h ${tempVars(\"minsoir\")}\n\n:full_moon:**__Phase de la lune__**: Nouvelle lune :new_moon:\n\n**__Humidité__**: ${tempVars(\"humiditernua\")}%\n\n**__Vitesse du vent__**: ${tempVars(\"vitventnuageux\")}km/h\n\n--------------:closed_book:---------------\n\n**__Événement du jour__**: \n\n----------------------------------","name":"Set Embed Description"},{"storage":"1","varName":"embed","channel":"6","varName2":"message","name":"Send Embed Message"},{"name":"End Action Sequence"},{"title":"","author":"","color":"BLUE","timestamp":"false","url":"","authorIcon":"","imageUrl":"","thumbUrl":"","storage":"1","varName":"embed","name":"Create Embed Message"},{"storage":"1","varName":"embed","message":"**__INFO MÉTÉO__** :trident:**__LE ROYAUME DU TEMPS__**:trident:\n--------------\n\n:cloud:**__Temps actuel__**: dégagé\n\n:thermometer:**__Température__**: ${tempVars(\"tempoluinuadéga\")}°C\n\n:sunrise:**__Lever du soleil__**:${tempVars(\"heuremat\")}h ${tempVars(\"minmat\")}\n\n:city_sunset:**__Coucher du soleil__**:${tempVars(\"heuresoir\")}h ${tempVars(\"minsoir\")}\n\n:full_moon:**__Phase de la lune__**: Nouvelle lune :new_moon:\n\n\n**__Humidité__**: ${tempVars(\"humiditerdégapenso\")}%\n\n**__Vitesse du vent__**: ${tempVars(\"vitventsoleiletdegager\")}km/h\n\n--------------:closed_book:---------------\n\n**__Événement du jour__**: \n\n----------------------------------","name":"Set Embed Description"},{"storage":"1","varName":"embed","channel":"6","varName2":"message","name":"Send Embed Message"},{"name":"End Action Sequence"},{"title":"","author":"","color":"BLUE","timestamp":"false","url":"","authorIcon":"","imageUrl":"","thumbUrl":"","storage":"1","varName":"embed","name":"Create Embed Message"},{"storage":"1","varName":"embed","message":"**__INFO MÉTÉO__** :trident:**__LE ROYAUME DU TEMPS__**:trident:\n--------------\n\n:cloud:**__Temps actuel__**: nuageux\n\n:thermometer:**__Température__**: ${tempVars(\"tempoluinua\")}°C\n\n:sunrise:**__Lever du soleil__**:${tempVars(\"heuremat\")}h ${tempVars(\"minmat\")}\n\n:city_sunset:**__Coucher du soleil__**:${tempVars(\"heuresoir\")}h ${tempVars(\"minsoir\")}\n\n:full_moon:**__Phase de la lune__**: Nouvelle lune :new_moon:\n\n\n**__Humidité__**: ${tempVars(\"humiditernua\")}%\n\n**__Vitesse du vent__**: ${tempVars(\"vitventnuageux\")}km/h\n\n--------------:closed_book:---------------\n\n**__Événement du jour__**: \n\n----------------------------------","name":"Set Embed Description"},{"storage":"1","varName":"embed","channel":"6","varName2":"message","name":"Send Embed Message"},{"name":"End Action Sequence"},{"title":"","author":"","color":"BLUE","timestamp":"false","url":"","authorIcon":"","imageUrl":"","thumbUrl":"","storage":"1","varName":"embed","name":"Create Embed Message"},{"storage":"1","varName":"embed","message":"**__INFO MÉTÉO__** :trident:**__LE ROYAUME DU TEMPS__**:trident:\n--------------\n\n:cloud:**__Temps actuel__**: couvert avec pluie et orage\n\n:thermometer:**__Température__**: ${tempVars(\"tempoluipluietorage\")}°C\n\n:sunrise:**__Lever du soleil__**:${tempVars(\"heuremat\")}h ${tempVars(\"minmat\")}\n\n:city_sunset:**__Coucher du soleil__**:${tempVars(\"heuresoir\")}h ${tempVars(\"minsoir\")}\n\n:full_moon:**__Phase de la lune__**: Nouvelle lune :new_moon:\n\n**__Humidité__**: ${tempVars(\"humiditerpluiora\")}%\n\n**__Vitesse du vent__**: ${tempVars(\"vitventpluieetorage\")}km/h\n\n--------------:closed_book:---------------\n\n**__Événement du jour__**: \n\n----------------------------------","name":"Set Embed Description"},{"storage":"1","varName":"embed","channel":"6","varName2":"message","name":"Send Embed Message"},{"name":"End Action Sequence"},{"title":"","author":"","color":"BLUE","timestamp":"false","url":"","authorIcon":"","imageUrl":"","thumbUrl":"","storage":"1","varName":"embed","name":"Create Embed Message"},{"storage":"1","varName":"embed","message":"**__INFO MÉTÉO__** :trident:**__LE ROYAUME DU TEMPS__**:trident:\n--------------\n\n:cloud:**__Temps actuel__**: pluvieux \n\n:thermometer:**__Température__**: ${tempVars(\"tempolui\")}°C \n\n:sunrise:**__Lever du soleil__**:${tempVars(\"heuremat\")}h ${tempVars(\"minmat\")}\n\n:city_sunset:**__Coucher du soleil__**:${tempVars(\"heuresoir\")}h ${tempVars(\"minsoir\")}\n\n:full_moon:**__Phase de la lune__**: Nouvelle lune :new_moon:\n\n**__Humidité__**: ${tempVars(\"humiditerdégaplui\")}%\n\n**__Vitesse du vent__**: ${tempVars(\"vitventpluie\")}km/h\n\n--------------:closed_book:---------------\n\n**__Événement du jour__**: \n\n----------------------------------","name":"Set Embed Description"},{"storage":"1","varName":"embed","channel":"6","varName2":"message","name":"Send Embed Message"},{"name":"End Action Sequence"},{"title":"","author":"","color":"BLUE","timestamp":"false","url":"","authorIcon":"","imageUrl":"","thumbUrl":"","storage":"1","varName":"embed","name":"Create Embed Message"},{"storage":"1","varName":"embed","message":"**__INFO MÉTÉO__** :trident:**__LE ROYAUME DU TEMPS__**:trident:\n--------------\n\n:cloud:**__Temps actuel__**: dégagé et ensoleillé \n\n:thermometer:**__Température__**: ${tempVars(\"tempsolardega\")}°C \n\n:sunrise:**__Lever du soleil__**:${tempVars(\"heuremat\")}h ${tempVars(\"minmat\")}\n\n:city_sunset:**__Coucher du soleil__**:${tempVars(\"heuresoir\")}h ${tempVars(\"minsoir\")}\n\n:full_moon:**__Phase de la lune__**: Nouvelle lune :new_moon:\n\n**__Humidité__**: ${tempVars(\"humiditerdégapenso\")}%\n\n**__Vitesse du vent__**: ${tempVars(\"vitventsoleiletdegager\")}km/h\n\n--------------:closed_book:---------------\n\n**__Événement du jour__**: \n\n----------------------------------","name":"Set Embed Description"},{"storage":"1","varName":"embed","channel":"6","varName2":"message","name":"Send Embed Message"},{"name":"End Action Sequence"},{"title":"","author":"","color":"BLUE","timestamp":"false","url":"","authorIcon":"","imageUrl":"","thumbUrl":"","storage":"1","varName":"embed","name":"Create Embed Message"},{"storage":"1","varName":"embed","message":"**__INFO MÉTÉO__** :trident:**__LE ROYAUME DU TEMPS__**:trident:\n--------------\n\n:cloud:**__Temps actuel__**: Globalement nuageux \n\n:thermometer:**__Température__**: ${tempVars(\"tempoluinua\")}°C \n\n:sunrise:**__Lever du soleil__**:${tempVars(\"heuremat\")}h ${tempVars(\"minmat\")}\n\n:city_sunset:**__Coucher du soleil__**:${tempVars(\"heuresoir\")}h ${tempVars(\"minsoir\")}\n\n:full_moon:**__Phase de la lune__**: Nouvelle lune :new_moon:\n\n**__Humidité__**: ${tempVars(\"humiditerglobalnua\")}%\n\n**__Vitesse du vent__**: ${tempVars(\"vitventnuageuxglobal\")}km/h\n\n--------------:closed_book:---------------\n\n**__Événement du jour__**: \n\n----------------------------------","name":"Set Embed Description"},{"storage":"1","varName":"embed","channel":"6","varName2":"message","name":"Send Embed Message"},{"name":"End Action Sequence"},{"title":"","author":"","color":"BLUE","timestamp":"false","url":"","authorIcon":"","imageUrl":"","thumbUrl":"","storage":"1","varName":"embed","name":"Create Embed Message"},{"storage":"1","varName":"embed","message":"**__INFO MÉTÉO__** :trident:**__LE ROYAUME DU TEMPS__**:trident:\n--------------\n\n:cloud:**__Temps actuel__**: Neige\n\n:thermometer:**__Température__**: ${tempVars(\"tempneige\")}°C \n\n:sunrise:**__Lever du soleil__**:${tempVars(\"heuremat\")}h ${tempVars(\"minmat\")}\n\n:city_sunset:**__Coucher du soleil__**:${tempVars(\"heuresoir\")}h ${tempVars(\"minsoir\")}\n\n:full_moon:**__Phase de la lune__**: Nouvelle lune :new_moon:\n\n**__Humidité__**: ${tempVars(\"humiditerneige\")}%\n\n**__Vitesse du vent__**: ${tempVars(\"vitventneige\")}km/h\n\n--------------:closed_book:---------------\n\n**__Événement du jour__**: \n\n----------------------------------","name":"Set Embed Description"},{"storage":"1","varName":"embed","channel":"6","varName2":"message","name":"Send Embed Message"},{"name":"End Action Sequence"},{"title":"","author":"","color":"BLUE","timestamp":"false","url":"","authorIcon":"","imageUrl":"","thumbUrl":"","storage":"1","varName":"embed","name":"Create Embed Message"},{"storage":"1","varName":"embed","message":"**__INFO MÉTÉO__** :trident:**__LE ROYAUME DU TEMPS__**:trident:\n--------------\n\n:cloud:**__Temps actuel__**: Froid intense\n\n:thermometer:**__Température__**: ${tempVars(\"froidint\")}°C \n\n:sunrise:**__Lever du soleil__**:${tempVars(\"heuremat\")}h ${tempVars(\"minmat\")}\n\n:city_sunset:**__Coucher du soleil__**:${tempVars(\"heuresoir\")}h ${tempVars(\"minsoir\")}\n\n:full_moon:**__Phase de la lune__**: Nouvelle lune :new_moon:\n\n**__Humidité__**: ${tempVars(\"vitventfroidint\")}%\n\n**__Vitesse du vent__**: ${tempVars(\"vitventfroidint\")}km/h\n\n--------------:closed_book:---------------\n\n**__Événement du jour__**: \n\n----------------------------------","name":"Set Embed Description"},{"storage":"1","varName":"embed","channel":"6","varName2":"message","name":"Send Embed Message"},{"name":"End Action Sequence"},{"channel":"0","varName":"","message":"---------------------------","storage":"0","varName2":"","name":"Send Message"},{"storage":"1","varName":"choixdecycle","comparison":"1","value":"1","iftrue":"2","iftrueVal":"98","iffalse":"0","iffalseVal":"","name":"Check Variable"},{"storage":"1","varName":"choixdecycle","comparison":"1","value":"2","iftrue":"2","iftrueVal":"102","iffalse":"0","iffalseVal":"","name":"Check Variable"},{"storage":"1","varName":"choixdecycle","comparison":"1","value":"3","iftrue":"2","iftrueVal":"106","iffalse":"0","iffalseVal":"","name":"Check Variable"},{"storage":"1","varName":"choixdecycle","comparison":"1","value":"4","iftrue":"2","iftrueVal":"110","iffalse":"0","iffalseVal":"","name":"Check Variable"},{"storage":"1","varName":"choixdecycle","comparison":"1","value":"5","iftrue":"2","iftrueVal":"114","iffalse":"0","iffalseVal":"","name":"Check Variable"},{"storage":"1","varName":"choixdecycle","comparison":"1","value":"6","iftrue":"2","iftrueVal":"118","iffalse":"0","iffalseVal":"","name":"Check Variable"},{"storage":"1","varName":"choixdecycle","comparison":"1","value":"7","iftrue":"2","iftrueVal":"122","iffalse":"0","iffalseVal":"","name":"Check Variable"},{"storage":"1","varName":"choixdecycle","comparison":"1","value":"8","iftrue":"2","iftrueVal":"126","iffalse":"0","iffalseVal":"","name":"Check Variable"},{"storage":"1","varName":"choixdecycle","comparison":"1","value":"9","iftrue":"2","iftrueVal":"130","iffalse":"1","iffalseVal":"","name":"Check Variable"},{"title":"","author":"","color":"BLUE","timestamp":"false","url":"","authorIcon":"","imageUrl":"","thumbUrl":"","storage":"1","varName":"embed","name":"Create Embed Message"},{"storage":"1","varName":"embed","message":"**__INFO MÉTÉO__** :trident:**__LE ROYAUME DU TEMPS__**:trident:\n--------------\n\n:cloud:**__Temps actuel__**: nuageux\n\n:thermometer:**__Température__**: ${tempVars(\"tempoluinua\")}°C\n\n:sunrise:**__Lever du soleil__**:${tempVars(\"heuremat\")}h ${tempVars(\"minmat\")}\n\n:city_sunset:**__Coucher du soleil__**:${tempVars(\"heuresoir\")}h ${tempVars(\"minsoir\")}\n\n:full_moon:**__Phase de la lune__**: Croissant :waxing_crescent_moon:\n\n**__Humidité__**: ${tempVars(\"humiditernua\")}%\n\n**__Vitesse du vent__**: ${tempVars(\"vitventnuageux\")}km/h\n\n--------------:closed_book:---------------\n\n**__Événement du jour__**: \n\n----------------------------------","name":"Set Embed Description"},{"storage":"1","varName":"embed","channel":"6","varName2":"message","name":"Send Embed Message"},{"name":"End Action Sequence"},{"title":"","author":"","color":"BLUE","timestamp":"false","url":"","authorIcon":"","imageUrl":"","thumbUrl":"","storage":"1","varName":"embed","name":"Create Embed Message"},{"storage":"1","varName":"embed","message":"**__INFO MÉTÉO__** :trident:**__LE ROYAUME DU TEMPS__**:trident:\n--------------\n\n:cloud:**__Temps actuel__**: dégagé\n\n:thermometer:**__Température__**: ${tempVars(\"tempoluinuadéga\")}°C\n\n:sunrise:**__Lever du soleil__**:${tempVars(\"heuremat\")}h ${tempVars(\"minmat\")}\n\n:city_sunset:**__Coucher du soleil__**:${tempVars(\"heuresoir\")}h ${tempVars(\"minsoir\")}\n\n:full_moon:**__Phase de la lune__**: Croissant :waxing_crescent_moon:\n\n**__Humidité__**: ${tempVars(\"humiditerdégapenso\")}%\n\n**__Vitesse du vent__**: ${tempVars(\"vitventsoleiletdegager\")}km/h\n\n--------------:closed_book:---------------\n\n**__Événement du jour__**: \n\n----------------------------------","name":"Set Embed Description"},{"storage":"1","varName":"embed","channel":"6","varName2":"message","name":"Send Embed Message"},{"name":"End Action Sequence"},{"title":"","author":"","color":"BLUE","timestamp":"false","url":"","authorIcon":"","imageUrl":"","thumbUrl":"","storage":"1","varName":"embed","name":"Create Embed Message"},{"storage":"1","varName":"embed","message":"**__INFO MÉTÉO__** :trident:**__LE ROYAUME DU TEMPS__**:trident:\n--------------\n\n:cloud:**__Temps actuel__**: Ensoleillé \n\n:thermometer:**__Température__**: ${tempVars(\"tempsolar\")}°C\n\n:sunrise:**__Lever du soleil__**:${tempVars(\"heuremat\")}h ${tempVars(\"minmat\")}\n\n:city_sunset:**__Coucher du soleil__**:${tempVars(\"heuresoir\")}h ${tempVars(\"minsoir\")}\n\n:full_moon:**__Phase de la lune__**: Croissant :waxing_crescent_moon:\n\n**__Humidité__**: ${tempVars(\"humiditerenso\")}%\n\n**__Vitesse du vent__**: ${tempVars(\"vitventsoleil\")}km/h\n\n--------------:closed_book:---------------\n\n**__Événement du jour__**: \n\n----------------------------------","name":"Set Embed Description"},{"storage":"1","varName":"embed","channel":"6","varName2":"message","name":"Send Embed Message"},{"name":"End Action Sequence"},{"title":"","author":"","color":"BLUE","timestamp":"false","url":"","authorIcon":"","imageUrl":"","thumbUrl":"","storage":"1","varName":"embed","name":"Create Embed Message"},{"storage":"1","varName":"embed","message":"**__INFO MÉTÉO__** :trident:**__LE ROYAUME DU TEMPS__**:trident:\n--------------\n\n:cloud:**__Temps actuel__**: couvert avec pluie et orage\n\n:thermometer:**__Température__**: ${tempVars(\"tempoluipluietorage\")}°C\n\n:sunrise:**__Lever du soleil__**:${tempVars(\"heuremat\")}h ${tempVars(\"minmat\")}\n\n:city_sunset:**__Coucher du soleil__**:${tempVars(\"heuresoir\")}h ${tempVars(\"minsoir\")}\n\n:full_moon:**__Phase de la lune__**: Croissant :waxing_crescent_moon:\n\n**__Humidité__**: ${tempVars(\"humiditerpluiora\")}%\n\n**__Vitesse du vent__**: ${tempVars(\"vitventpluieetorage\")}km/h\n\n--------------:closed_book:---------------\n\n**__Événement du jour__**: \n\n----------------------------------","name":"Set Embed Description"},{"storage":"1","varName":"embed","channel":"6","varName2":"message","name":"Send Embed Message"},{"name":"End Action Sequence"},{"title":"","author":"","color":"BLUE","timestamp":"false","url":"","authorIcon":"","imageUrl":"","thumbUrl":"","storage":"1","varName":"embed","name":"Create Embed Message"},{"storage":"1","varName":"embed","message":"**__INFO MÉTÉO__** :trident:**__LE ROYAUME DU TEMPS__**:trident:\n--------------\n\n:cloud:**__Temps actuel__**: pluvieux \n\n:thermometer:**__Température__**: ${tempVars(\"tempolui\")}°C \n\n:sunrise:**__Lever du soleil__**:${tempVars(\"heuremat\")}h ${tempVars(\"minmat\")}\n\n:city_sunset:**__Coucher du soleil__**:${tempVars(\"heuresoir\")}h ${tempVars(\"minsoir\")}\n\n:full_moon:**__Phase de la lune__**: Croissant :waxing_crescent_moon:\n \n**__Humidité__**: ${tempVars(\"humiditerdégaplui\")}%\n\n**__Vitesse du vent__**: ${tempVars(\"vitventpluie\")}km/h\n\n--------------:closed_book:---------------\n\n**__Événement du jour__**: \n\n----------------------------------","name":"Set Embed Description"},{"storage":"1","varName":"embed","channel":"6","varName2":"message","name":"Send Embed Message"},{"name":"End Action Sequence"},{"title":"","author":"","color":"BLUE","timestamp":"false","url":"","authorIcon":"","imageUrl":"","thumbUrl":"","storage":"1","varName":"embed","name":"Create Embed Message"},{"storage":"1","varName":"embed","message":"**__INFO MÉTÉO__** :trident:**__LE ROYAUME DU TEMPS__**:trident:\n--------------\n\n:cloud:**__Temps actuel__**: dégagé et ensoleillé \n\n:thermometer:**__Température__**: ${tempVars(\"tempsolardega\")}°C \n\n:sunrise:**__Lever du soleil__**:${tempVars(\"heuremat\")}h ${tempVars(\"minmat\")}\n\n:city_sunset:**__Coucher du soleil__**:${tempVars(\"heuresoir\")}h ${tempVars(\"minsoir\")}\n\n:full_moon:**__Phase de la lune__**: Croissant :waxing_crescent_moon:\n\n**__Humidité__**: ${tempVars(\"humiditerdégapenso\")}%\n\n**__Vitesse du vent__**: ${tempVars(\"vitventsoleiletdegager\")}km/h\n\n--------------:closed_book:---------------\n\n**__Événement du jour__**: \n\n----------------------------------","name":"Set Embed Description"},{"storage":"1","varName":"embed","channel":"6","varName2":"message","name":"Send Embed Message"},{"name":"End Action Sequence"},{"title":"","author":"","color":"BLUE","timestamp":"false","url":"","authorIcon":"","imageUrl":"","thumbUrl":"","storage":"1","varName":"embed","name":"Create Embed Message"},{"storage":"1","varName":"embed","message":"**__INFO MÉTÉO__** :trident:**__LE ROYAUME DU TEMPS__**:trident:\n--------------\n\n:cloud:**__Temps actuel__**: Globalement nuageux \n\n:thermometer:**__Température__**: ${tempVars(\"tempoluinua\")}°C \n\n:sunrise:**__Lever du soleil__**:${tempVars(\"heuremat\")}h ${tempVars(\"minmat\")}\n\n:city_sunset:**__Coucher du soleil__**:${tempVars(\"heuresoir\")}h ${tempVars(\"minsoir\")}\n\n:full_moon:**__Phase de la lune__**: Croissant :waxing_crescent_moon:\n\n**__Humidité__**: ${tempVars(\"humiditerglobalnua\")}%\n\n**__Vitesse du vent__**: ${tempVars(\"vitventnuageuxglobal\")}km/h\n\n--------------:closed_book:---------------\n\n**__Événement du jour__**: \n\n----------------------------------","name":"Set Embed Description"},{"storage":"1","varName":"embed","channel":"6","varName2":"message","name":"Send Embed Message"},{"name":"End Action Sequence"},{"title":"","author":"","color":"BLUE","timestamp":"false","url":"","authorIcon":"","imageUrl":"","thumbUrl":"","storage":"1","varName":"embed","name":"Create Embed Message"},{"storage":"1","varName":"embed","message":"**__INFO MÉTÉO__** :trident:**__LE ROYAUME DU TEMPS__**:trident:\n--------------\n\n:cloud:**__Temps actuel__**: Neige\n\n:thermometer:**__Température__**: ${tempVars(\"tempneige\")}°C \n\n:sunrise:**__Lever du soleil__**:${tempVars(\"heuremat\")}h ${tempVars(\"minmat\")}\n\n:city_sunset:**__Coucher du soleil__**:${tempVars(\"heuresoir\")}h ${tempVars(\"minsoir\")}\n\n:full_moon:**__Phase de la lune__**: Croissant :waxing_crescent_moon:\n\n**__Humidité__**: ${tempVars(\"humiditerneige\")}%\n\n**__Vitesse du vent__**: ${tempVars(\"vitventneige\")}km/h\n\n--------------:closed_book:---------------\n\n**__Événement du jour__**: \n\n----------------------------------","name":"Set Embed Description"},{"storage":"1","varName":"embed","channel":"6","varName2":"message","name":"Send Embed Message"},{"name":"End Action Sequence"},{"title":"","author":"","color":"BLUE","timestamp":"false","url":"","authorIcon":"","imageUrl":"","thumbUrl":"","storage":"1","varName":"embed","name":"Create Embed Message"},{"storage":"1","varName":"embed","message":"**__INFO MÉTÉO__** :trident:**__LE ROYAUME DU TEMPS__**:trident:\n--------------\n\n:cloud:**__Temps actuel__**: Froid intense\n\n:thermometer:**__Température__**: ${tempVars(\"froidint\")}°C \n\n:sunrise:**__Lever du soleil__**:${tempVars(\"heuremat\")}h ${tempVars(\"minmat\")}\n\n:city_sunset:**__Coucher du soleil__**:${tempVars(\"heuresoir\")}h ${tempVars(\"minsoir\")}\n\n:full_moon:**__Phase de la lune__**: Croissant :waxing_crescent_moon:\n\n**__Humidité__**: ${tempVars(\"vitventfroidint\")}%\n\n**__Vitesse du vent__**: ${tempVars(\"vitventfroidint\")}km/h\n\n--------------:closed_book:---------------\n\n**__Événement du jour__**: \n\n----------------------------------","name":"Set Embed Description"},{"storage":"1","varName":"embed","channel":"6","varName2":"message","name":"Send Embed Message"},{"name":"End Action Sequence"},{"channel":"0","varName":"","message":"---------------------------","storage":"0","varName2":"","name":"Send Message"},{"storage":"1","varName":"choixdecycle","comparison":"1","value":"1","iftrue":"2","iftrueVal":"144","iffalse":"0","iffalseVal":"","name":"Check Variable"},{"storage":"1","varName":"choixdecycle","comparison":"1","value":"2","iftrue":"2","iftrueVal":"148","iffalse":"0","iffalseVal":"","name":"Check Variable"},{"storage":"1","varName":"choixdecycle","comparison":"1","value":"3","iftrue":"2","iftrueVal":"152","iffalse":"0","iffalseVal":"","name":"Check Variable"},{"storage":"1","varName":"choixdecycle","comparison":"1","value":"4","iftrue":"2","iftrueVal":"156","iffalse":"0","iffalseVal":"","name":"Check Variable"},{"storage":"1","varName":"choixdecycle","comparison":"1","value":"5","iftrue":"2","iftrueVal":"160","iffalse":"0","iffalseVal":"","name":"Check Variable"},{"storage":"1","varName":"choixdecycle","comparison":"1","value":"6","iftrue":"2","iftrueVal":"164","iffalse":"0","iffalseVal":"","name":"Check Variable"},{"storage":"1","varName":"choixdecycle","comparison":"1","value":"7","iftrue":"2","iftrueVal":"168","iffalse":"0","iffalseVal":"","name":"Check Variable"},{"storage":"1","varName":"choixdecycle","comparison":"1","value":"8","iftrue":"2","iftrueVal":"172","iffalse":"0","iffalseVal":"","name":"Check Variable"},{"storage":"1","varName":"choixdecycle","comparison":"1","value":"9","iftrue":"2","iftrueVal":"176","iffalse":"1","iffalseVal":"","name":"Check Variable"},{"title":"","author":"","color":"BLUE","timestamp":"false","url":"","authorIcon":"","imageUrl":"","thumbUrl":"","storage":"1","varName":"embed","name":"Create Embed Message"},{"storage":"1","varName":"embed","message":"**__INFO MÉTÉO__** :trident:**__LE ROYAUME DU TEMPS__**:trident:\n--------------\n\n:cloud:**__Temps actuel__**: nuageux\n\n:thermometer:**__Température__**: ${tempVars(\"tempoluinua\")}°C\n\n:sunrise:**__Lever du soleil__**:${tempVars(\"heuremat\")}h ${tempVars(\"minmat\")}\n\n:city_sunset:**__Coucher du soleil__**:${tempVars(\"heuresoir\")}h ${tempVars(\"minsoir\")}\n\n:full_moon:**__Phase de la lune__**: Premier quartier :first_quarter_moon:\n\n**__Humidité__**: ${tempVars(\"humiditernua\")}%\n\n**__Vitesse du vent__**: ${tempVars(\"vitventnuageux\")}km/h\n\n--------------:closed_book:---------------\n\n**__Événement du jour__**: \n\n----------------------------------","name":"Set Embed Description"},{"storage":"1","varName":"embed","channel":"6","varName2":"message","name":"Send Embed Message"},{"name":"End Action Sequence"},{"title":"","author":"","color":"BLUE","timestamp":"false","url":"","authorIcon":"","imageUrl":"","thumbUrl":"","storage":"1","varName":"embed","name":"Create Embed Message"},{"storage":"1","varName":"embed","message":"**__INFO MÉTÉO__** :trident:**__LE ROYAUME DU TEMPS__**:trident:\n--------------\n\n:cloud:**__Temps actuel__**: dégagé\n\n:thermometer:**__Température__**: ${tempVars(\"tempoluinuadéga\")}°C\n\n:sunrise:**__Lever du soleil__**:${tempVars(\"heuremat\")}h ${tempVars(\"minmat\")}\n\n:city_sunset:**__Coucher du soleil__**:${tempVars(\"heuresoir\")}h ${tempVars(\"minsoir\")}\n\n:full_moon:**__Phase de la lune__**: Premier quartier :first_quarter_moon:\n\n**__Humidité__**: ${tempVars(\"humiditerdégapenso\")}%\n\n**__Vitesse du vent__**: ${tempVars(\"vitventsoleiletdegager\")}km/h\n\n--------------:closed_book:---------------\n\n**__Événement du jour__**: \n\n----------------------------------","name":"Set Embed Description"},{"storage":"1","varName":"embed","channel":"6","varName2":"message","name":"Send Embed Message"},{"name":"End Action Sequence"},{"title":"","author":"","color":"BLUE","timestamp":"false","url":"","authorIcon":"","imageUrl":"","thumbUrl":"","storage":"1","varName":"embed","name":"Create Embed Message"},{"storage":"1","varName":"embed","message":"**__INFO MÉTÉO__** :trident:**__LE ROYAUME DU TEMPS__**:trident:\n--------------\n\n:cloud:**__Temps actuel__**: Ensoleillé \n\n:thermometer:**__Température__**: ${tempVars(\"tempsolar\")}°C\n\n:sunrise:**__Lever du soleil__**:${tempVars(\"heuremat\")}h ${tempVars(\"minmat\")}\n\n:city_sunset:**__Coucher du soleil__**:${tempVars(\"heuresoir\")}h ${tempVars(\"minsoir\")}\n\n:full_moon:**__Phase de la lune__**: Premier quartier :first_quarter_moon:\n\n**__Humidité__**: ${tempVars(\"humiditerenso\")}%\n\n**__Vitesse du vent__**: ${tempVars(\"vitventsoleil\")}km/h\n\n--------------:closed_book:---------------\n\n**__Événement du jour__**: \n\n----------------------------------","name":"Set Embed Description"},{"storage":"1","varName":"embed","channel":"6","varName2":"message","name":"Send Embed Message"},{"name":"End Action Sequence"},{"title":"","author":"","color":"BLUE","timestamp":"false","url":"","authorIcon":"","imageUrl":"","thumbUrl":"","storage":"1","varName":"embed","name":"Create Embed Message"},{"storage":"1","varName":"embed","message":"**__INFO MÉTÉO__** :trident:**__LE ROYAUME DU TEMPS__**:trident:\n--------------\n\n:cloud:**__Temps actuel__**: couvert avec pluie et orage\n\n:thermometer:**__Température__**: ${tempVars(\"tempoluipluietorage\")}°C\n\n:sunrise:**__Lever du soleil__**:${tempVars(\"heuremat\")}h ${tempVars(\"minmat\")}\n\n:city_sunset:**__Coucher du soleil__**:${tempVars(\"heuresoir\")}h ${tempVars(\"minsoir\")}\n\n:full_moon:**__Phase de la lune__**: Premier quartier :first_quarter_moon:\n\n**__Humidité__**: ${tempVars(\"humiditerpluiora\")}%\n\n**__Vitesse du vent__**: ${tempVars(\"vitventpluieetorage\")}km/h\n\n--------------:closed_book:---------------\n\n**__Événement du jour__**: \n\n----------------------------------","name":"Set Embed Description"},{"storage":"1","varName":"embed","channel":"6","varName2":"message","name":"Send Embed Message"},{"name":"End Action Sequence"},{"title":"","author":"","color":"BLUE","timestamp":"false","url":"","authorIcon":"","imageUrl":"","thumbUrl":"","storage":"1","varName":"embed","name":"Create Embed Message"},{"storage":"1","varName":"embed","message":"**__INFO MÉTÉO__** :trident:**__LE ROYAUME DU TEMPS__**:trident:\n--------------\n\n:cloud:**__Temps actuel__**: pluvieux \n\n:thermometer:**__Température__**: ${tempVars(\"tempolui\")}°C \n\n:sunrise:**__Lever du soleil__**:${tempVars(\"heuremat\")}h ${tempVars(\"minmat\")}\n\n:city_sunset:**__Coucher du soleil__**:${tempVars(\"heuresoir\")}h ${tempVars(\"minsoir\")}\n\n:full_moon:**__Phase de la lune__**: Premier quartier :first_quarter_moon:\n\n**__Humidité__**: ${tempVars(\"humiditerdégaplui\")}%\n\n**__Vitesse du vent__**: ${tempVars(\"vitventpluie\")}km/h\n\n--------------:closed_book:---------------\n\n**__Événement du jour__**: \n\n----------------------------------","name":"Set Embed Description"},{"storage":"1","varName":"embed","channel":"6","varName2":"message","name":"Send Embed Message"},{"name":"End Action Sequence"},{"title":"","author":"","color":"BLUE","timestamp":"false","url":"","authorIcon":"","imageUrl":"","thumbUrl":"","storage":"1","varName":"embed","name":"Create Embed Message"},{"storage":"1","varName":"embed","message":"**__INFO MÉTÉO__** :trident:**__LE ROYAUME DU TEMPS__**:trident:\n--------------\n\n:cloud:**__Temps actuel__**: dégagé et ensoleillé \n\n:thermometer:**__Température__**: ${tempVars(\"tempsolardega\")}°C \n\n:sunrise:**__Lever du soleil__**:${tempVars(\"heuremat\")}h ${tempVars(\"minmat\")}\n\n:city_sunset:**__Coucher du soleil__**:${tempVars(\"heuresoir\")}h ${tempVars(\"minsoir\")}\n\n:full_moon:**__Phase de la lune__**: Premier quartier :first_quarter_moon:\n\n**__Humidité__**: ${tempVars(\"humiditerdégapenso\")}%\n\n**__Vitesse du vent__**: ${tempVars(\"vitventsoleiletdegager\")}km/h\n\n--------------:closed_book:---------------\n\n**__Événement du jour__**: \n\n----------------------------------","name":"Set Embed Description"},{"storage":"1","varName":"embed","channel":"6","varName2":"message","name":"Send Embed Message"},{"name":"End Action Sequence"},{"title":"","author":"","color":"BLUE","timestamp":"false","url":"","authorIcon":"","imageUrl":"","thumbUrl":"","storage":"1","varName":"embed","name":"Create Embed Message"},{"storage":"1","varName":"embed","message":"**__INFO MÉTÉO__** :trident:**__LE ROYAUME DU TEMPS__**:trident:\n--------------\n\n:cloud:**__Temps actuel__**: Globalement nuageux \n\n:thermometer:**__Température__**: ${tempVars(\"tempoluinua\")}°C \n\n:sunrise:**__Lever du soleil__**:${tempVars(\"heuremat\")}h ${tempVars(\"minmat\")}\n\n:city_sunset:**__Coucher du soleil__**:${tempVars(\"heuresoir\")}h ${tempVars(\"minsoir\")}\n\n:full_moon:**__Phase de la lune__**: Premier quartier :first_quarter_moon:\n\n**__Humidité__**: ${tempVars(\"humiditerglobalnua\")}%\n\n**__Vitesse du vent__**: ${tempVars(\"vitventnuageuxglobal\")}km/h\n\n--------------:closed_book:---------------\n\n**__Événement du jour__**: \n\n----------------------------------","name":"Set Embed Description"},{"storage":"1","varName":"embed","channel":"6","varName2":"message","name":"Send Embed Message"},{"name":"End Action Sequence"},{"title":"","author":"","color":"BLUE","timestamp":"false","url":"","authorIcon":"","imageUrl":"","thumbUrl":"","storage":"1","varName":"embed","name":"Create Embed Message"},{"storage":"1","varName":"embed","message":"**__INFO MÉTÉO__** :trident:**__LE ROYAUME DU TEMPS__**:trident:\n--------------\n\n:cloud:**__Temps actuel__**: Neige\n\n:thermometer:**__Température__**: ${tempVars(\"tempneige\")}°C \n\n:sunrise:**__Lever du soleil__**:${tempVars(\"heuremat\")}h ${tempVars(\"minmat\")}\n\n:city_sunset:**__Coucher du soleil__**:${tempVars(\"heuresoir\")}h ${tempVars(\"minsoir\")}\n\n:full_moon:**__Phase de la lune__**: Premier quartier :first_quarter_moon:\n\n**__Humidité__**: ${tempVars(\"humiditerneige\")}%\n\n**__Vitesse du vent__**: ${tempVars(\"vitventneige\")}km/h\n\n--------------:closed_book:---------------\n\n**__Événement du jour__**: \n\n----------------------------------","name":"Set Embed Description"},{"storage":"1","varName":"embed","channel":"6","varName2":"message","name":"Send Embed Message"},{"name":"End Action Sequence"},{"title":"","author":"","color":"BLUE","timestamp":"false","url":"","authorIcon":"","imageUrl":"","thumbUrl":"","storage":"1","varName":"embed","name":"Create Embed Message"},{"storage":"1","varName":"embed","message":"**__INFO MÉTÉO__** :trident:**__LE ROYAUME DU TEMPS__**:trident:\n--------------\n\n:cloud:**__Temps actuel__**: Froid intense\n\n:thermometer:**__Température__**: ${tempVars(\"froidint\")}°C \n\n:sunrise:**__Lever du soleil__**:${tempVars(\"heuremat\")}h ${tempVars(\"minmat\")}\n\n:city_sunset:**__Coucher du soleil__**:${tempVars(\"heuresoir\")}h ${tempVars(\"minsoir\")}\n\n:full_moon:**__Phase de la lune__**: Premier quartier :first_quarter_moon:\n\n**__Humidité__**: ${tempVars(\"vitventfroidint\")}%\n\n**__Vitesse du vent__**: ${tempVars(\"vitventfroidint\")}km/h\n\n--------------:closed_book:---------------\n\n**__Événement du jour__**: \n\n----------------------------------","name":"Set Embed Description"},{"storage":"1","varName":"embed","channel":"6","varName2":"message","name":"Send Embed Message"},{"name":"End Action Sequence"},{"channel":"0","varName":"","message":"---------------------------","storage":"0","varName2":"","name":"Send Message"},{"name":"End Action Sequence"},{"storage":"1","varName":"choixdecycle","comparison":"1","value":"1","iftrue":"2","iftrueVal":"191","iffalse":"0","iffalseVal":"","name":"Check Variable"},{"storage":"1","varName":"choixdecycle","comparison":"1","value":"2","iftrue":"2","iftrueVal":"195","iffalse":"0","iffalseVal":"","name":"Check Variable"},{"storage":"1","varName":"choixdecycle","comparison":"1","value":"3","iftrue":"2","iftrueVal":"199","iffalse":"0","iffalseVal":"","name":"Check Variable"},{"storage":"1","varName":"choixdecycle","comparison":"1","value":"4","iftrue":"2","iftrueVal":"203","iffalse":"0","iffalseVal":"","name":"Check Variable"},{"storage":"1","varName":"choixdecycle","comparison":"1","value":"5","iftrue":"2","iftrueVal":"207","iffalse":"0","iffalseVal":"","name":"Check Variable"},{"storage":"1","varName":"choixdecycle","comparison":"1","value":"6","iftrue":"2","iftrueVal":"211","iffalse":"0","iffalseVal":"","name":"Check Variable"},{"storage":"1","varName":"choixdecycle","comparison":"1","value":"7","iftrue":"2","iftrueVal":"215","iffalse":"0","iffalseVal":"","name":"Check Variable"},{"storage":"1","varName":"choixdecycle","comparison":"1","value":"8","iftrue":"2","iftrueVal":"219","iffalse":"0","iffalseVal":"","name":"Check Variable"},{"storage":"1","varName":"choixdecycle","comparison":"1","value":"9","iftrue":"2","iftrueVal":"223","iffalse":"1","iffalseVal":"","name":"Check Variable"},{"title":"","author":"","color":"BLUE","timestamp":"false","url":"","authorIcon":"","imageUrl":"","thumbUrl":"","storage":"1","varName":"embed","name":"Create Embed Message"},{"storage":"1","varName":"embed","message":"**__INFO MÉTÉO__** :trident:**__LE ROYAUME DU TEMPS__**:trident:\n--------------\n\n:cloud:**__Temps actuel__**: Globalement nuageux \n\n:thermometer:**__Température__**: ${tempVars(\"tempoluinua\")}°C \n\n:sunrise:**__Lever du soleil__**:${tempVars(\"heuremat\")}h ${tempVars(\"minmat\")}\n\n:city_sunset:**__Coucher du soleil__**:${tempVars(\"heuresoir\")}h ${tempVars(\"minsoir\")}\n\n:full_moon:**__Phase de la lune__**: Gibbeuse:waxing_gibbous_moon:\n\n\n**__Humidité__**: ${tempVars(\"humiditerglobalnua\")}%\n\n**__Vitesse du vent__**: ${tempVars(\"vitventnuageuxglobal\")}km/h\n\n--------------:closed_book:---------------\n\n**__Événement du jour__**: \n\n----------------------------------","name":"Set Embed Description"},{"storage":"1","varName":"embed","channel":"6","varName2":"message","name":"Send Embed Message"},{"name":"End Action Sequence"},{"title":"","author":"","color":"BLUE","timestamp":"false","url":"","authorIcon":"","imageUrl":"","thumbUrl":"","storage":"1","varName":"embed","name":"Create Embed Message"},{"storage":"1","varName":"embed","message":"**__INFO MÉTÉO__** :trident:**__LE ROYAUME DU TEMPS__**:trident:\n--------------\n\n:cloud:**__Temps actuel__**: nuageux\n\n:thermometer:**__Température__**: ${tempVars(\"tempoluinua\")}°C\n\n:sunrise:**__Lever du soleil__**:${tempVars(\"heuremat\")}h ${tempVars(\"minmat\")}\n\n:city_sunset:**__Coucher du soleil__**:${tempVars(\"heuresoir\")}h ${tempVars(\"minsoir\")}\n\n:full_moon:**__Phase de la lune__**: Gibbeuse:waxing_gibbous_moon:\n\n\n**__Humidité__**: ${tempVars(\"humiditernua\")}%\n\n**__Vitesse du vent__**: ${tempVars(\"vitventnuageux\")}km/h\n\n--------------:closed_book:---------------\n\n**__Événement du jour__**: \n\n----------------------------------","name":"Set Embed Description"},{"storage":"1","varName":"embed","channel":"6","varName2":"message","name":"Send Embed Message"},{"name":"End Action Sequence"},{"title":"","author":"","color":"BLUE","timestamp":"false","url":"","authorIcon":"","imageUrl":"","thumbUrl":"","storage":"1","varName":"embed","name":"Create Embed Message"},{"storage":"1","varName":"embed","message":"**__INFO MÉTÉO__** :trident:**__LE ROYAUME DU TEMPS__**:trident:\n--------------\n\n:cloud:**__Temps actuel__**: dégagé\n\n:thermometer:**__Température__**: ${tempVars(\"tempoluinuadéga\")}°C\n\n:sunrise:**__Lever du soleil__**:${tempVars(\"heuremat\")}h ${tempVars(\"minmat\")}\n\n:city_sunset:**__Coucher du soleil__**:${tempVars(\"heuresoir\")}h ${tempVars(\"minsoir\")}\n\n:full_moon:**__Phase de la lune__**: Gibbeuse:waxing_gibbous_moon:\n\n\n**__Humidité__**: ${tempVars(\"humiditerdégapenso\")}%\n\n**__Vitesse du vent__**: ${tempVars(\"vitventsoleiletdegager\")}km/h\n\n--------------:closed_book:---------------\n\n**__Événement du jour__**: \n\n----------------------------------","name":"Set Embed Description"},{"storage":"1","varName":"embed","channel":"6","varName2":"message","name":"Send Embed Message"},{"name":"End Action Sequence"},{"title":"","author":"","color":"BLUE","timestamp":"false","url":"","authorIcon":"","imageUrl":"","thumbUrl":"","storage":"1","varName":"embed","name":"Create Embed Message"},{"storage":"1","varName":"embed","message":"**__INFO MÉTÉO__** :trident:**__LE ROYAUME DU TEMPS__**:trident:\n--------------\n\n:cloud:**__Temps actuel__**: Ensoleillé \n\n:thermometer:**__Température__**: ${tempVars(\"tempsolar\")}°C\n\n:sunrise:**__Lever du soleil__**:${tempVars(\"heuremat\")}h ${tempVars(\"minmat\")}\n\n:city_sunset:**__Coucher du soleil__**:${tempVars(\"heuresoir\")}h ${tempVars(\"minsoir\")}\n\n:full_moon:**__Phase de la lune__**: Gibbeuse:waxing_gibbous_moon:\n\n\n**__Humidité__**: ${tempVars(\"humiditerenso\")}%\n\n**__Vitesse du vent__**: ${tempVars(\"vitventsoleil\")}km/h\n\n--------------:closed_book:---------------\n\n**__Événement du jour__**: \n\n----------------------------------","name":"Set Embed Description"},{"storage":"1","varName":"embed","channel":"6","varName2":"message","name":"Send Embed Message"},{"name":"End Action Sequence"},{"title":"","author":"","color":"BLUE","timestamp":"false","url":"","authorIcon":"","imageUrl":"","thumbUrl":"","storage":"1","varName":"embed","name":"Create Embed Message"},{"storage":"1","varName":"embed","message":"**__INFO MÉTÉO__** :trident:**__LE ROYAUME DU TEMPS__**:trident:\n--------------\n\n:cloud:**__Temps actuel__**: couvert avec pluie et orage\n\n:thermometer:**__Température__**: ${tempVars(\"tempoluipluietorage\")}°C\n\n:sunrise:**__Lever du soleil__**:${tempVars(\"heuremat\")}h ${tempVars(\"minmat\")}\n\n:city_sunset:**__Coucher du soleil__**:${tempVars(\"heuresoir\")}h ${tempVars(\"minsoir\")}\n\n:full_moon:**__Phase de la lune__**: Gibbeuse:waxing_gibbous_moon:\n\n\n**__Humidité__**: ${tempVars(\"humiditerpluiora\")}%\n\n**__Vitesse du vent__**: ${tempVars(\"vitventpluieetorage\")}km/h\n\n--------------:closed_book:---------------\n\n**__Événement du jour__**: \n\n----------------------------------","name":"Set Embed Description"},{"storage":"1","varName":"embed","channel":"6","varName2":"message","name":"Send Embed Message"},{"name":"End Action Sequence"},{"title":"","author":"","color":"BLUE","timestamp":"false","url":"","authorIcon":"","imageUrl":"","thumbUrl":"","storage":"1","varName":"embed","name":"Create Embed Message"},{"storage":"1","varName":"embed","message":"**__INFO MÉTÉO__** :trident:**__LE ROYAUME DU TEMPS__**:trident:\n--------------\n\n:cloud:**__Temps actuel__**: pluvieux \n\n:thermometer:**__Température__**: ${tempVars(\"tempolui\")}°C \n\n:sunrise:**__Lever du soleil__**:${tempVars(\"heuremat\")}h ${tempVars(\"minmat\")}\n\n:city_sunset:**__Coucher du soleil__**:${tempVars(\"heuresoir\")}h ${tempVars(\"minsoir\")}\n\n:full_moon:**__Phase de la lune__**: Gibbeuse:waxing_gibbous_moon:\n\n\n**__Humidité__**: ${tempVars(\"humiditerdégaplui\")}%\n\n**__Vitesse du vent__**: ${tempVars(\"vitventpluie\")}km/h\n\n--------------:closed_book:---------------\n\n**__Événement du jour__**: \n\n----------------------------------","name":"Set Embed Description"},{"storage":"1","varName":"embed","channel":"6","varName2":"message","name":"Send Embed Message"},{"name":"End Action Sequence"},{"title":"","author":"","color":"BLUE","timestamp":"false","url":"","authorIcon":"","imageUrl":"","thumbUrl":"","storage":"1","varName":"embed","name":"Create Embed Message"},{"storage":"1","varName":"embed","message":"**__INFO MÉTÉO__** :trident:**__LE ROYAUME DU TEMPS__**:trident:\n--------------\n\n:cloud:**__Temps actuel__**: dégagé et ensoleillé \n\n:thermometer:**__Température__**: ${tempVars(\"tempsolardega\")}°C \n\n:sunrise:**__Lever du soleil__**:${tempVars(\"heuremat\")}h ${tempVars(\"minmat\")}\n\n:city_sunset:**__Coucher du soleil__**:${tempVars(\"heuresoir\")}h ${tempVars(\"minsoir\")}\n\n:full_moon:**__Phase de la lune__**: Gibbeuse:waxing_gibbous_moon:\n\n\n**__Humidité__**: ${tempVars(\"humiditerdégapenso\")}%\n\n**__Vitesse du vent__**: ${tempVars(\"vitventsoleiletdegager\")}km/h\n\n--------------:closed_book:---------------\n\n**__Événement du jour__**: \n\n----------------------------------","name":"Set Embed Description"},{"storage":"1","varName":"embed","channel":"6","varName2":"message","name":"Send Embed Message"},{"name":"End Action Sequence"},{"title":"","author":"","color":"BLUE","timestamp":"false","url":"","authorIcon":"","imageUrl":"","thumbUrl":"","storage":"1","varName":"embed","name":"Create Embed Message"},{"storage":"1","varName":"embed","message":"**__INFO MÉTÉO__** :trident:**__LE ROYAUME DU TEMPS__**:trident:\n--------------\n\n:cloud:**__Temps actuel__**: Neige\n\n:thermometer:**__Température__**: ${tempVars(\"tempneige\")}°C \n\n:sunrise:**__Lever du soleil__**:${tempVars(\"heuremat\")}h ${tempVars(\"minmat\")}\n\n:city_sunset:**__Coucher du soleil__**:${tempVars(\"heuresoir\")}h ${tempVars(\"minsoir\")}\n\n:full_moon:**__Phase de la lune__**: Gibbeuse:waxing_gibbous_moon:\n\n**__Humidité__**: ${tempVars(\"humiditerneige\")}%\n\n**__Vitesse du vent__**: ${tempVars(\"vitventneige\")}km/h\n\n--------------:closed_book:---------------\n\n**__Événement du jour__**: \n\n----------------------------------","name":"Set Embed Description"},{"storage":"1","varName":"embed","channel":"6","varName2":"message","name":"Send Embed Message"},{"name":"End Action Sequence"},{"title":"","author":"","color":"BLUE","timestamp":"false","url":"","authorIcon":"","imageUrl":"","thumbUrl":"","storage":"1","varName":"embed","name":"Create Embed Message"},{"storage":"1","varName":"embed","message":"**__INFO MÉTÉO__** :trident:**__LE ROYAUME DU TEMPS__**:trident:\n--------------\n\n:cloud:**__Temps actuel__**: Froid intense\n\n:thermometer:**__Température__**: ${tempVars(\"froidint\")}°C \n\n:sunrise:**__Lever du soleil__**:${tempVars(\"heuremat\")}h ${tempVars(\"minmat\")}\n\n:city_sunset:**__Coucher du soleil__**:${tempVars(\"heuresoir\")}h ${tempVars(\"minsoir\")}\n\n:full_moon:**__Phase de la lune__**: Gibbeuse:waxing_gibbous_moon:\n\n**__Humidité__**: ${tempVars(\"vitventfroidint\")}%\n\n**__Vitesse du vent__**: ${tempVars(\"vitventfroidint\")}km/h\n\n--------------:closed_book:---------------\n\n**__Événement du jour__**: \n\n----------------------------------","name":"Set Embed Description"},{"storage":"1","varName":"embed","channel":"6","varName2":"message","name":"Send Embed Message"},{"name":"End Action Sequence"},{"channel":"0","varName":"","message":"---------------------------","storage":"0","varName2":"","name":"Send Message"},{"name":"End Action Sequence"},{"channel":"0","varName":"","message":"---------------------------","storage":"0","varName2":"","name":"Send Message"},{"storage":"1","varName":"choixdecycle","comparison":"1","value":"1","iftrue":"2","iftrueVal":"239","iffalse":"0","iffalseVal":"","name":"Check Variable"},{"storage":"1","varName":"choixdecycle","comparison":"1","value":"2","iftrue":"2","iftrueVal":"243","iffalse":"0","iffalseVal":"","name":"Check Variable"},{"storage":"1","varName":"choixdecycle","comparison":"1","value":"3","iftrue":"2","iftrueVal":"247","iffalse":"0","iffalseVal":"","name":"Check Variable"},{"storage":"1","varName":"choixdecycle","comparison":"1","value":"4","iftrue":"2","iftrueVal":"251","iffalse":"0","iffalseVal":"","name":"Check Variable"},{"storage":"1","varName":"choixdecycle","comparison":"1","value":"5","iftrue":"2","iftrueVal":"255","iffalse":"0","iffalseVal":"","name":"Check Variable"},{"storage":"1","varName":"choixdecycle","comparison":"1","value":"6","iftrue":"2","iftrueVal":"259","iffalse":"0","iffalseVal":"","name":"Check Variable"},{"storage":"1","varName":"choixdecycle","comparison":"1","value":"7","iftrue":"2","iftrueVal":"263","iffalse":"0","iffalseVal":"","name":"Check Variable"},{"storage":"1","varName":"choixdecycle","comparison":"1","value":"8","iftrue":"2","iftrueVal":"267","iffalse":"0","iffalseVal":"","name":"Check Variable"},{"storage":"1","varName":"choixdecycle","comparison":"1","value":"9","iftrue":"2","iftrueVal":"271","iffalse":"1","iffalseVal":"","name":"Check Variable"},{"title":"","author":"","color":"BLUE","timestamp":"false","url":"","authorIcon":"","imageUrl":"","thumbUrl":"","storage":"1","varName":"embed","name":"Create Embed Message"},{"storage":"1","varName":"embed","message":"**__INFO MÉTÉO__** :trident:**__LE ROYAUME DU TEMPS__**:trident:\n--------------\n\n:cloud:**__Temps actuel__**: Globalement nuageux \n\n:thermometer:**__Température__**: ${tempVars(\"tempoluinua\")}°C \n\n:sunrise:**__Lever du soleil__**:${tempVars(\"heuremat\")}h ${tempVars(\"minmat\")}\n\n:city_sunset:**__Coucher du soleil__**:${tempVars(\"heuresoir\")}h ${tempVars(\"minsoir\")}\n\n:full_moon:**__Phase de la lune__**: Pleine lune :full_moon_with_face:\n\n**__Humidité__**: ${tempVars(\"humiditerglobalnua\")}%\n\n**__Vitesse du vent__**: ${tempVars(\"vitventnuageuxglobal\")}km/h\n\n--------------:closed_book:---------------\n\n**__Événement du jour__**: \n\n----------------------------------","name":"Set Embed Description"},{"storage":"1","varName":"embed","channel":"6","varName2":"message","name":"Send Embed Message"},{"name":"End Action Sequence"},{"title":"","author":"","color":"BLUE","timestamp":"false","url":"","authorIcon":"","imageUrl":"","thumbUrl":"","storage":"1","varName":"embed","name":"Create Embed Message"},{"storage":"1","varName":"embed","message":"**__INFO MÉTÉO__** :trident:**__LE ROYAUME DU TEMPS__**:trident:\n--------------\n\n:cloud:**__Temps actuel__**: nuageux\n\n:thermometer:**__Température__**: ${tempVars(\"tempoluinua\")}°C\n\n:sunrise:**__Lever du soleil__**:${tempVars(\"heuremat\")}h ${tempVars(\"minmat\")}\n\n:city_sunset:**__Coucher du soleil__**:${tempVars(\"heuresoir\")}h ${tempVars(\"minsoir\")}\n\n:full_moon:**__Phase de la lune__**: Pleine lune :full_moon_with_face:\n\n**__Humidité__**: ${tempVars(\"humiditernua\")}%\n\n**__Vitesse du vent__**: ${tempVars(\"vitventnuageux\")}km/h\n\n--------------:closed_book:---------------\n\n**__Événement du jour__**: \n\n----------------------------------","name":"Set Embed Description"},{"storage":"1","varName":"embed","channel":"6","varName2":"message","name":"Send Embed Message"},{"name":"End Action Sequence"},{"title":"","author":"","color":"BLUE","timestamp":"false","url":"","authorIcon":"","imageUrl":"","thumbUrl":"","storage":"1","varName":"embed","name":"Create Embed Message"},{"storage":"1","varName":"embed","message":"**__INFO MÉTÉO__** :trident:**__LE ROYAUME DU TEMPS__**:trident:\n--------------\n\n:cloud:**__Temps actuel__**: dégagé\n\n:thermometer:**__Température__**: ${tempVars(\"tempoluinuadéga\")}°C\n\n:sunrise:**__Lever du soleil__**:${tempVars(\"heuremat\")}h ${tempVars(\"minmat\")}\n\n:city_sunset:**__Coucher du soleil__**:${tempVars(\"heuresoir\")}h ${tempVars(\"minsoir\")}\n\n:full_moon:**__Phase de la lune__**: Pleine lune :full_moon_with_face:\n\n\n**__Humidité__**: ${tempVars(\"humiditerdégapenso\")}%\n\n**__Vitesse du vent__**: ${tempVars(\"vitventsoleiletdegager\")}km/h\n\n--------------:closed_book:---------------\n\n**__Événement du jour__**: \n\n----------------------------------","name":"Set Embed Description"},{"storage":"1","varName":"embed","channel":"6","varName2":"message","name":"Send Embed Message"},{"name":"End Action Sequence"},{"title":"","author":"","color":"BLUE","timestamp":"false","url":"","authorIcon":"","imageUrl":"","thumbUrl":"","storage":"1","varName":"embed","name":"Create Embed Message"},{"storage":"1","varName":"embed","message":"**__INFO MÉTÉO__** :trident:**__LE ROYAUME DU TEMPS__**:trident:\n--------------\n\n:cloud:**__Temps actuel__**: Ensoleillé \n\n:thermometer:**__Température__**: ${tempVars(\"tempsolar\")}°C\n\n:sunrise:**__Lever du soleil__**:${tempVars(\"heuremat\")}h ${tempVars(\"minmat\")}\n\n:city_sunset:**__Coucher du soleil__**:${tempVars(\"heuresoir\")}h ${tempVars(\"minsoir\")}\n\n:full_moon:**__Phase de la lune__**: Pleine lune :full_moon_with_face:\n\n**__Humidité__**: ${tempVars(\"humiditerenso\")}%\n\n**__Vitesse du vent__**: ${tempVars(\"vitventsoleil\")}km/h\n\n--------------:closed_book:---------------\n\n**__Événement du jour__**: \n\n----------------------------------","name":"Set Embed Description"},{"storage":"1","varName":"embed","channel":"6","varName2":"message","name":"Send Embed Message"},{"name":"End Action Sequence"},{"title":"","author":"","color":"BLUE","timestamp":"false","url":"","authorIcon":"","imageUrl":"","thumbUrl":"","storage":"1","varName":"embed","name":"Create Embed Message"},{"storage":"1","varName":"embed","message":"**__INFO MÉTÉO__** :trident:**__LE ROYAUME DU TEMPS__**:trident:\n--------------\n\n:cloud:**__Temps actuel__**: couvert avec pluie et orage\n\n:thermometer:**__Température__**: ${tempVars(\"tempoluipluietorage\")}°C\n\n:sunrise:**__Lever du soleil__**:${tempVars(\"heuremat\")}h ${tempVars(\"minmat\")}\n\n:city_sunset:**__Coucher du soleil__**:${tempVars(\"heuresoir\")}h ${tempVars(\"minsoir\")}\n\n:full_moon:**__Phase de la lune__**: Pleine lune :full_moon_with_face:\n\n\n**__Humidité__**: ${tempVars(\"humiditerpluiora\")}%\n\n**__Vitesse du vent__**: ${tempVars(\"vitventpluieetorage\")}km/h\n\n--------------:closed_book:---------------\n\n**__Événement du jour__**: \n\n----------------------------------","name":"Set Embed Description"},{"storage":"1","varName":"embed","channel":"6","varName2":"message","name":"Send Embed Message"},{"name":"End Action Sequence"},{"title":"","author":"","color":"BLUE","timestamp":"false","url":"","authorIcon":"","imageUrl":"","thumbUrl":"","storage":"1","varName":"embed","name":"Create Embed Message"},{"storage":"1","varName":"embed","message":"**__INFO MÉTÉO__** :trident:**__LE ROYAUME DU TEMPS__**:trident:\n--------------\n\n:cloud:**__Temps actuel__**: pluvieux \n\n:thermometer:**__Température__**: ${tempVars(\"tempolui\")}°C \n\n:sunrise:**__Lever du soleil__**:${tempVars(\"heuremat\")}h ${tempVars(\"minmat\")}\n\n:city_sunset:**__Coucher du soleil__**:${tempVars(\"heuresoir\")}h ${tempVars(\"minsoir\")}\n\n:full_moon:**__Phase de la lune__**: Pleine lune :full_moon_with_face:\n\n**__Humidité__**: ${tempVars(\"humiditerdégaplui\")}%\n\n**__Vitesse du vent__**: ${tempVars(\"vitventpluie\")}km/h\n\n--------------:closed_book:---------------\n\n**__Événement du jour__**: \n\n----------------------------------","name":"Set Embed Description"},{"storage":"1","varName":"embed","channel":"6","varName2":"message","name":"Send Embed Message"},{"name":"End Action Sequence"},{"title":"","author":"","color":"BLUE","timestamp":"false","url":"","authorIcon":"","imageUrl":"","thumbUrl":"","storage":"1","varName":"embed","name":"Create Embed Message"},{"storage":"1","varName":"embed","message":"**__INFO MÉTÉO__** :trident:**__LE ROYAUME DU TEMPS__**:trident:\n--------------\n\n:cloud:**__Temps actuel__**: dégagé et ensoleillé \n\n:thermometer:**__Température__**: ${tempVars(\"tempsolardega\")}°C \n\n:sunrise:**__Lever du soleil__**:${tempVars(\"heuremat\")}h ${tempVars(\"minmat\")}\n\n:city_sunset:**__Coucher du soleil__**:${tempVars(\"heuresoir\")}h ${tempVars(\"minsoir\")}\n\n:full_moon:**__Phase de la lune__**: Pleine lune :full_moon_with_face:\n\n**__Humidité__**: ${tempVars(\"humiditerdégapenso\")}%\n\n**__Vitesse du vent__**: ${tempVars(\"vitventsoleiletdegager\")}km/h\n\n--------------:closed_book:---------------\n\n**__Événement du jour__**: \n\n----------------------------------","name":"Set Embed Description"},{"storage":"1","varName":"embed","channel":"6","varName2":"message","name":"Send Embed Message"},{"name":"End Action Sequence"},{"title":"","author":"","color":"BLUE","timestamp":"false","url":"","authorIcon":"","imageUrl":"","thumbUrl":"","storage":"1","varName":"embed","name":"Create Embed Message"},{"storage":"1","varName":"embed","message":"**__INFO MÉTÉO__** :trident:**__LE ROYAUME DU TEMPS__**:trident:\n--------------\n\n:cloud:**__Temps actuel__**: Neige\n\n:thermometer:**__Température__**: ${tempVars(\"tempneige\")}°C \n\n:sunrise:**__Lever du soleil__**:${tempVars(\"heuremat\")}h ${tempVars(\"minmat\")}\n\n:city_sunset:**__Coucher du soleil__**:${tempVars(\"heuresoir\")}h ${tempVars(\"minsoir\")}\n\n:full_moon:**__Phase de la lune__**: Pleine lune :full_moon_with_face:\n\n**__Humidité__**: ${tempVars(\"humiditerneige\")}%\n\n**__Vitesse du vent__**: ${tempVars(\"vitventneige\")}km/h\n\n--------------:closed_book:---------------\n\n**__Événement du jour__**: \n\n----------------------------------","name":"Set Embed Description"},{"storage":"1","varName":"embed","channel":"6","varName2":"message","name":"Send Embed Message"},{"name":"End Action Sequence"},{"title":"","author":"","color":"BLUE","timestamp":"false","url":"","authorIcon":"","imageUrl":"","thumbUrl":"","storage":"1","varName":"embed","name":"Create Embed Message"},{"storage":"1","varName":"embed","message":"**__INFO MÉTÉO__** :trident:**__LE ROYAUME DU TEMPS__**:trident:\n--------------\n\n:cloud:**__Temps actuel__**: Froid intense\n\n:thermometer:**__Température__**: ${tempVars(\"froidint\")}°C \n\n:sunrise:**__Lever du soleil__**:${tempVars(\"heuremat\")}h ${tempVars(\"minmat\")}\n\n:city_sunset:**__Coucher du soleil__**:${tempVars(\"heuresoir\")}h ${tempVars(\"minsoir\")}\n\n:full_moon:**__Phase de la lune__**: Gibbeuse:waxing_gibbous_moon:\n\n**__Humidité__**: ${tempVars(\"vitventfroidint\")}%\n\n**__Vitesse du vent__**: ${tempVars(\"vitventfroidint\")}km/h\n\n--------------:closed_book:---------------\n\n**__Événement du jour__**: \n\n----------------------------------","name":"Set Embed Description"},{"storage":"1","varName":"embed","channel":"6","varName2":"message","name":"Send Embed Message"},{"name":"End Action Sequence"},{"channel":"0","varName":"","message":"---------------------------","storage":"0","varName2":"","name":"Send Message"},{"channel":"0","varName":"","message":"Nouvelle lune :new_moon: ","storage":"0","varName2":"","name":"Send Message"},{"channel":"0","varName":"","message":"Croissant :waxing_crescent_moon: ","storage":"0","varName2":"","name":"Send Message"},{"channel":"0","varName":"","message":"Premier quartier :first_quarter_moon: ","storage":"0","varName2":"","name":"Send Message"},{"channel":"0","varName":"","message":"Gibbeuse:waxing_gibbous_moon: ","storage":"0","varName2":"","name":"Send Message"},{"channel":"0","varName":"","message":"Pleine lune :full_moon_with_face:\n","storage":"0","varName2":"","name":"Send Message"},{"name":"End Action Sequence"}],"event-type":"3","temp":"21600"},{"name":"clearlune","permissions":"NONE","restriction":"1","_id":"YjytH","actions":[{"server":"0","varName":"","dataName":"lune","changeType":"0","value":"0","name":"Control Server Data"}]},{"name":"lune","permissions":"NONE","restriction":"1","_id":"PClmH","actions":[{"server":"0","varName":"","dataName":"luneee","defaultVal":"0","storage":"1","varName2":"luneee","name":"Store Server Data"},{"channel":"0","varName":"","message":"${tempVars(\"lune\")}","storage":"0","varName2":"","name":"Send Message"}]}]